subject,phase,session,session_date,time_segment,total_active_presses,total_inactive_presses,total_reinforcers
0,SelfAdmin,2025-03-10_13h20m_Subject 0.txt,2025-03-10,0-60min,0,0,0
0,SelfAdmin,2025-03-20_13h39m_Subject 0.txt,2025-03-20,0-60min,0,0,0
0,SelfAdmin,2025-03-28_12h09m_Subject 0.txt,2025-03-28,0-60min,0,0,0
0,SelfAdmin,2025-03-21_13h24m_Subject 0.txt,2025-03-21,0-60min,0,0,0
0,SelfAdmin,2025-04-03_12h22m_Subject 0.txt,2025-04-03,0-60min,0,0,0
0,SelfAdmin,2025-03-11_12h51m_Subject 0.txt,2025-03-11,0-60min,0,0,0
0,SelfAdmin,2025-04-01_11h41m_Subject 0.txt,2025-04-01,0-60min,0,0,0
0,SelfAdmin,2025-03-18_12h46m_Subject 0.txt,2025-03-18,0-60min,0,0,0
0,SelfAdmin,2025-03-14_12h54m_Subject 0.txt,2025-03-14,0-60min,0,0,0
0,SelfAdmin,2025-03-12_12h37m_Subject 0.txt,2025-03-12,0-60min,0,0,0
0,SelfAdmin,2025-03-25_12h17m_Subject 0.txt,2025-03-25,0-60min,0,0,0
0,SelfAdmin,2025-03-19_12h34m_Subject 0.txt,2025-03-19,0-60min,0,0,0
0,SelfAdmin,2025-04-08_12h48m_Subject 0.txt,2025-04-08,0-60min,0,0,0
0,SelfAdmin,2025-04-09_12h24m_Subject 0.txt,2025-04-09,0-60min,0,0,0
0,SelfAdmin,2025-03-24_12h45m_Subject 0.txt,2025-03-24,0-60min,0,0,0
0,SelfAdmin,2025-03-26_13h29m_Subject 0.txt,2025-03-26,0-60min,0,0,0
0,SelfAdmin,2025-04-11_13h11m_Subject 0.txt,2025-04-11,0-60min,0,0,0
0,SelfAdmin,2025-04-02_13h05m_Subject 0.txt,2025-04-02,0-60min,0,0,0
0,SelfAdmin,2025-03-17_13h17m_Subject 0.txt,2025-03-17,0-60min,0,0,0
0,SelfAdmin,2025-03-13_12h44m_Subject 0.txt,2025-03-13,0-60min,0,0,0
0,SelfAdmin,2025-04-07_12h35m_Subject 0.txt,2025-04-07,0-60min,0,0,0
0,SelfAdmin,2025-04-04_11h54m_Subject 0.txt,2025-04-04,0-60min,0,0,0
0,SelfAdmin,2025-03-31_12h55m_Subject 0.txt,2025-03-31,0-60min,0,0,0
0,SelfAdmin,2025-04-10_13h07m_Subject 0.txt,2025-04-10,0-60min,0,0,0
0,SelfAdmin,2025-03-27_12h03m_Subject 0.txt,2025-03-27,0-60min,0,0,0
75,SelfAdmin,2025-04-08_09h19m_Subject 75.txt,2025-04-08,0-60min,3,6,43
75,SelfAdmin,2025-04-04_08h37m_Subject 75.txt,2025-04-04,0-60min,17,13,54
75,SelfAdmin,2025-04-03_09h07m_Subject 75.txt,2025-04-03,0-60min,15,25,53
75,SelfAdmin,2025-04-09_09h06m_Subject 75.txt,2025-04-09,0-60min,10,12,59
75,SelfAdmin,2025-03-21_09h24m_Subject 75.txt,2025-03-21,0-60min,14,89,40
75,SelfAdmin,2025-03-19_09h12m_Subject 75.txt,2025-03-19,0-60min,17,8,57
75,SelfAdmin,2025-04-14_09h08m_Subject 75.txt,2025-04-14,0-60min,9,25,35
75,SelfAdmin,2025-03-28_08h53m_Subject 75.txt,2025-03-28,0-60min,3,18,39
75,SelfAdmin,2025-03-13_09h06m_Subject 75.txt,2025-03-13,0-60min,3,3,137
75,SelfAdmin,2025-03-25_09h03m_Subject 75.txt,2025-03-25,0-60min,5,27,37
75,SelfAdmin,2025-04-07_08h40m_Subject 75.txt,2025-04-07,0-60min,3,9,18
75,SelfAdmin,2025-03-14_09h17m_Subject 75.txt,2025-03-14,0-60min,25,17,137
75,SelfAdmin,2025-03-18_09h19m_Subject 75.txt,2025-03-18,0-60min,24,13,53
75,SelfAdmin,2025-03-27_08h40m_Subject 75.txt,2025-03-27,0-60min,6,17,31
75,SelfAdmin,2025-04-01_08h21m_Subject 75.txt,2025-04-01,0-60min,16,16,65
75,SelfAdmin,2025-04-02_09h48m_Subject 75.txt,2025-04-02,0-60min,16,9,37
75,SelfAdmin,2025-04-10_09h50m_Subject 75.txt,2025-04-10,0-60min,5,18,23
75,SelfAdmin,2025-03-10_09h38m_Subject 75.txt,2025-03-10,0-60min,6,3,110
75,SelfAdmin,2025-04-11_09h49m_Subject 75.txt,2025-04-11,0-60min,8,14,28
75,SelfAdmin,2025-03-11_09h21m_Subject 75.txt,2025-03-11,0-60min,14,3,116
75,SelfAdmin,2025-03-12_09h11m_Subject 75.txt,2025-03-12,0-60min,8,1,122
75,SelfAdmin,2025-03-17_08h53m_Subject 75.txt,2025-03-17,0-60min,32,38,79
75,SelfAdmin,2025-03-20_10h05m_Subject 75.txt,2025-03-20,0-60min,18,18,37
75,SelfAdmin,2025-03-26_10h13m_Subject 75.txt,2025-03-26,0-60min,7,17,62
75,SelfAdmin,2025-03-31_09h37m_Subject 75.txt,2025-03-31,0-60min,5,12,56
75,SelfAdmin,2025-03-24_09h15m_Subject 75.txt,2025-03-24,0-60min,13,32,98
90,SelfAdmin,2025-03-18_12h46m_Subject 90.txt,2025-03-18,0-60min,15,17,413
90,SelfAdmin,2025-04-11_13h11m_Subject 90.txt,2025-04-11,0-60min,12,8,274
90,SelfAdmin,2025-04-08_12h49m_Subject 90.txt,2025-04-08,0-60min,16,10,191
90,SelfAdmin,2025-04-03_12h22m_Subject 90.txt,2025-04-03,0-60min,18,12,119
90,SelfAdmin,2025-04-09_12h24m_Subject 90.txt,2025-04-09,0-60min,13,7,230
90,SelfAdmin,2025-04-04_11h54m_Subject 90.txt,2025-04-04,0-60min,18,10,186
90,SelfAdmin,2025-04-07_12h35m_Subject 90.txt,2025-04-07,0-60min,14,7,254
90,SelfAdmin,2025-04-10_13h07m_Subject 90.txt,2025-04-10,0-60min,20,9,272
90,SelfAdmin,2025-04-14_11h51m_Subject 90.txt,2025-04-14,0-60min,28,16,299
90,SelfAdmin,2025-03-31_12h55m_Subject 90.txt,2025-03-31,0-60min,15,10,187
90,SelfAdmin,2025-03-24_12h45m_Subject 90.txt,2025-03-24,0-60min,40,33,245
90,SelfAdmin,2025-03-13_12h44m_Subject 90.txt,2025-03-13,0-60min,12,11,323
90,SelfAdmin,2025-04-01_11h41m_Subject 90.txt,2025-04-01,0-60min,23,5,144
90,SelfAdmin,2025-03-10_13h20m_Subject 90.txt,2025-03-10,0-60min,14,8,174
90,SelfAdmin,2025-04-14_11h31m_Subject 90.txt,2025-04-14,0-60min,0,0,85
90,SelfAdmin,2025-03-11_12h51m_Subject 90.txt,2025-03-11,0-60min,12,16,350
90,SelfAdmin,2025-03-20_13h39m_Subject 90.txt,2025-03-20,0-60min,11,11,622
90,SelfAdmin,2025-03-21_13h24m_Subject 90.txt,2025-03-21,0-60min,12,1,487
90,SelfAdmin,2025-03-17_13h18m_Subject 90.txt,2025-03-17,0-60min,18,4,391
90,SelfAdmin,2025-03-27_12h03m_Subject 90.txt,2025-03-27,0-60min,27,10,154
90,SelfAdmin,2025-03-26_13h29m_Subject 90.txt,2025-03-26,0-60min,39,9,198
90,SelfAdmin,2025-03-12_12h38m_Subject 90.txt,2025-03-12,0-60min,9,5,266
90,SelfAdmin,2025-03-14_12h55m_Subject 90.txt,2025-03-14,0-60min,11,21,438
90,SelfAdmin,2025-03-25_12h17m_Subject 90.txt,2025-03-25,0-60min,31,17,193
90,SelfAdmin,2025-03-28_12h09m_Subject 90.txt,2025-03-28,0-60min,22,6,123
90,SelfAdmin,2025-03-19_12h34m_Subject 90.txt,2025-03-19,0-60min,14,4,503
90,SelfAdmin,2025-04-02_13h05m_Subject 90.txt,2025-04-02,0-60min,14,9,137
84,SelfAdmin,2025-04-09_09h07m_Subject 84.txt,2025-04-09,0-60min,30,8,202
84,SelfAdmin,2025-03-14_09h19m_Subject 84.txt,2025-03-14,0-60min,16,14,293
84,SelfAdmin,2025-04-08_09h20m_Subject 84.txt,2025-04-08,0-60min,30,12,261
84,SelfAdmin,2025-03-13_09h07m_Subject 84.txt,2025-03-13,0-60min,30,13,237
84,SelfAdmin,2025-03-25_09h04m_Subject 84.txt,2025-03-25,0-60min,28,15,281
84,SelfAdmin,2025-03-10_09h39m_Subject 84.txt,2025-03-10,0-60min,13,5,180
84,SelfAdmin,2025-04-04_08h38m_Subject 84.txt,2025-04-04,0-60min,26,13,401
84,SelfAdmin,2025-04-01_08h21m_Subject 84.txt,2025-04-01,0-60min,32,12,317
84,SelfAdmin,2025-03-21_09h24m_Subject 84.txt,2025-03-21,0-60min,21,10,373
84,SelfAdmin,2025-03-12_09h12m_Subject 84.txt,2025-03-12,0-60min,22,9,350
84,SelfAdmin,2025-03-31_09h38m_Subject 84.txt,2025-03-31,0-60min,21,9,288
84,SelfAdmin,2025-03-17_08h54m_Subject 84.txt,2025-03-17,0-60min,25,5,105
84,SelfAdmin,2025-03-11_09h21m_Subject 84.txt,2025-03-11,0-60min,13,7,235
84,SelfAdmin,2025-03-18_09h20m_Subject 84.txt,2025-03-18,0-60min,18,25,127
84,SelfAdmin,2025-03-28_08h54m_Subject 84.txt,2025-03-28,0-60min,30,9,262
84,SelfAdmin,2025-04-02_09h49m_Subject 84.txt,2025-04-02,0-60min,30,8,245
84,SelfAdmin,2025-03-26_10h13m_Subject 84.txt,2025-03-26,0-60min,23,13,287
84,SelfAdmin,2025-04-07_08h50m_Subject 84.txt,2025-04-07,0-60min,35,16,251
84,SelfAdmin,2025-04-10_09h50m_Subject 84.txt,2025-04-10,0-60min,25,12,118
84,SelfAdmin,2025-03-20_10h06m_Subject 84.txt,2025-03-20,0-60min,24,3,451
84,SelfAdmin,2025-03-27_08h41m_Subject 84.txt,2025-03-27,0-60min,31,8,212
84,SelfAdmin,2025-04-11_09h50m_Subject 84.txt,2025-04-11,0-60min,21,12,177
84,SelfAdmin,2025-04-03_09h07m_Subject 84.txt,2025-04-03,0-60min,26,9,555
84,SelfAdmin,2025-03-24_09h16m_Subject 84.txt,2025-03-24,0-60min,23,9,336
84,SelfAdmin,2025-04-14_09h10m_Subject 84.txt,2025-04-14,0-60min,34,16,103
84,SelfAdmin,2025-03-19_09h14m_Subject 84.txt,2025-03-19,0-60min,22,15,232
81,SelfAdmin,2025-03-21_09h24m_Subject 81.txt,2025-03-21,0-60min,0,0,127
81,SelfAdmin,2025-03-10_09h39m_Subject 81.txt,2025-03-10,0-60min,0,0,56
81,SelfAdmin,2025-03-12_09h12m_Subject 81.txt,2025-03-12,0-60min,1,2,30
81,SelfAdmin,2025-03-20_10h05m_Subject 81.txt,2025-03-20,0-60min,0,4,84
81,SelfAdmin,2025-04-02_09h49m_Subject 81.txt,2025-04-02,0-60min,4,5,12
81,SelfAdmin,2025-03-26_10h13m_Subject 81.txt,2025-03-26,0-60min,0,4,19
81,SelfAdmin,2025-03-31_09h38m_Subject 81.txt,2025-03-31,0-60min,1,6,30
81,SelfAdmin,2025-03-14_09h19m_Subject 81.txt,2025-03-14,0-60min,1,2,54
81,SelfAdmin,2025-04-11_09h50m_Subject 81.txt,2025-04-11,0-60min,11,22,29
81,SelfAdmin,2025-04-14_09h09m_Subject 81.txt,2025-04-14,0-60min,13,13,18
81,SelfAdmin,2025-03-27_08h41m_Subject 81.txt,2025-03-27,0-60min,0,7,32
81,SelfAdmin,2025-03-11_09h21m_Subject 81.txt,2025-03-11,0-60min,1,3,27
81,SelfAdmin,2025-03-19_09h13m_Subject 81.txt,2025-03-19,0-60min,0,1,87
81,SelfAdmin,2025-04-08_09h19m_Subject 81.txt,2025-04-08,0-60min,6,11,66
81,SelfAdmin,2025-04-04_08h37m_Subject 81.txt,2025-04-04,0-60min,2,5,22
81,SelfAdmin,2025-04-07_08h49m_Subject 81.txt,2025-04-07,0-60min,3,14,24
81,SelfAdmin,2025-03-17_08h54m_Subject 81.txt,2025-03-17,0-60min,0,1,33
81,SelfAdmin,2025-03-13_09h06m_Subject 81.txt,2025-03-13,0-60min,0,0,28
81,SelfAdmin,2025-03-18_09h20m_Subject 81.txt,2025-03-18,0-60min,0,0,48
81,SelfAdmin,2025-03-28_08h54m_Subject 81.txt,2025-03-28,0-60min,0,6,25
81,SelfAdmin,2025-04-10_09h50m_Subject 81.txt,2025-04-10,0-60min,3,21,11
81,SelfAdmin,2025-04-03_09h07m_Subject 81.txt,2025-04-03,0-60min,4,9,24
81,SelfAdmin,2025-03-25_09h04m_Subject 81.txt,2025-03-25,0-60min,0,3,14
81,SelfAdmin,2025-04-09_09h06m_Subject 81.txt,2025-04-09,0-60min,4,16,61
81,SelfAdmin,2025-04-01_08h21m_Subject 81.txt,2025-04-01,0-60min,4,8,12
81,SelfAdmin,2025-03-24_09h16m_Subject 81.txt,2025-03-24,0-60min,0,1,64
78,SelfAdmin,2025-04-09_09h06m_Subject 78.txt,2025-04-09,0-60min,0,4,66
78,SelfAdmin,2025-03-27_08h41m_Subject 78.txt,2025-03-27,0-60min,12,8,71
78,SelfAdmin,2025-03-24_09h15m_Subject 78.txt,2025-03-24,0-60min,17,7,48
78,SelfAdmin,2025-03-20_10h05m_Subject 78.txt,2025-03-20,0-60min,14,3,23
78,SelfAdmin,2025-03-28_08h53m_Subject 78.txt,2025-03-28,0-60min,5,0,21
78,SelfAdmin,2025-04-11_09h50m_Subject 78.txt,2025-04-11,0-60min,0,0,123
78,SelfAdmin,2025-03-14_09h19m_Subject 78.txt,2025-03-14,0-60min,13,11,45
78,SelfAdmin,2025-04-03_09h07m_Subject 78.txt,2025-04-03,0-60min,7,6,40
78,SelfAdmin,2025-03-26_10h13m_Subject 78.txt,2025-03-26,0-60min,13,7,39
78,SelfAdmin,2025-03-13_09h06m_Subject 78.txt,2025-03-13,0-60min,10,3,82
78,SelfAdmin,2025-03-19_09h13m_Subject 78.txt,2025-03-19,0-60min,23,1,36
78,SelfAdmin,2025-04-08_09h19m_Subject 78.txt,2025-04-08,0-60min,3,0,100
78,SelfAdmin,2025-03-17_08h54m_Subject 78.txt,2025-03-17,0-60min,12,4,37
78,SelfAdmin,2025-04-14_09h09m_Subject 78.txt,2025-04-14,0-60min,5,13,80
78,SelfAdmin,2025-04-01_08h21m_Subject 78.txt,2025-04-01,0-60min,6,4,86
78,SelfAdmin,2025-03-12_09h12m_Subject 78.txt,2025-03-12,0-60min,16,5,70
78,SelfAdmin,2025-04-07_08h41m_Subject 78.txt,2025-04-07,0-60min,4,1,41
78,SelfAdmin,2025-03-10_09h39m_Subject 78.txt,2025-03-10,0-60min,17,9,84
78,SelfAdmin,2025-04-02_09h49m_Subject 78.txt,2025-04-02,0-60min,5,2,25
78,SelfAdmin,2025-04-10_09h50m_Subject 78.txt,2025-04-10,0-60min,6,4,93
78,SelfAdmin,2025-04-04_08h37m_Subject 78.txt,2025-04-04,0-60min,6,7,42
78,SelfAdmin,2025-03-21_09h24m_Subject 78.txt,2025-03-21,0-60min,10,5,68
78,SelfAdmin,2025-03-25_09h04m_Subject 78.txt,2025-03-25,0-60min,12,12,28
78,SelfAdmin,2025-03-31_09h38m_Subject 78.txt,2025-03-31,0-60min,10,13,75
78,SelfAdmin,2025-03-11_09h21m_Subject 78.txt,2025-03-11,0-60min,8,2,61
78,SelfAdmin,2025-03-18_09h19m_Subject 78.txt,2025-03-18,0-60min,17,2,45
93,SelfAdmin,2025-03-13_12h44m_Subject 93.txt,2025-03-13,0-60min,7,9,175
93,SelfAdmin,2025-03-19_12h34m_Subject 93.txt,2025-03-19,0-60min,8,3,301
93,SelfAdmin,2025-04-09_12h24m_Subject 93.txt,2025-04-09,0-60min,19,14,129
93,SelfAdmin,2025-04-03_12h22m_Subject 93.txt,2025-04-03,0-60min,25,30,168
93,SelfAdmin,2025-03-17_13h18m_Subject 93.txt,2025-03-17,0-60min,7,0,178
93,SelfAdmin,2025-03-18_12h46m_Subject 93.txt,2025-03-18,0-60min,11,6,212
93,SelfAdmin,2025-03-14_12h55m_Subject 93.txt,2025-03-14,0-60min,7,4,256
93,SelfAdmin,2025-03-26_13h29m_Subject 93.txt,2025-03-26,0-60min,33,27,206
93,SelfAdmin,2025-03-28_12h09m_Subject 93.txt,2025-03-28,0-60min,23,25,114
93,SelfAdmin,2025-04-08_12h49m_Subject 93.txt,2025-04-08,0-60min,33,21,128
93,SelfAdmin,2025-03-12_12h38m_Subject 93.txt,2025-03-12,0-60min,5,3,229
93,SelfAdmin,2025-04-01_11h42m_Subject 93.txt,2025-04-01,0-60min,29,37,85
93,SelfAdmin,2025-03-27_12h03m_Subject 93.txt,2025-03-27,0-60min,31,15,120
93,SelfAdmin,2025-03-11_12h51m_Subject 93.txt,2025-03-11,0-60min,6,2,221
93,SelfAdmin,2025-03-24_12h48m_Subject 93.txt,2025-03-24,0-60min,18,16,81
93,SelfAdmin,2025-04-04_11h55m_Subject 93.txt,2025-04-04,0-60min,26,40,140
93,SelfAdmin,2025-04-02_13h06m_Subject 93.txt,2025-04-02,0-60min,30,34,120
93,SelfAdmin,2025-04-14_11h51m_Subject 93.txt,2025-04-14,0-60min,61,45,79
93,SelfAdmin,2025-03-21_13h24m_Subject 93.txt,2025-03-21,0-60min,10,4,293
93,SelfAdmin,2025-03-10_13h20m_Subject 93.txt,2025-03-10,0-60min,10,3,168
93,SelfAdmin,2025-03-20_13h39m_Subject 93.txt,2025-03-20,0-60min,8,7,263
93,SelfAdmin,2025-04-11_13h12m_Subject 93.txt,2025-04-11,0-60min,24,46,58
93,SelfAdmin,2025-03-31_12h55m_Subject 93.txt,2025-03-31,0-60min,32,29,189
93,SelfAdmin,2025-04-07_12h35m_Subject 93.txt,2025-04-07,0-60min,30,17,69
93,SelfAdmin,2025-04-10_13h08m_Subject 93.txt,2025-04-10,0-60min,23,41,88
93,SelfAdmin,2025-03-25_12h17m_Subject 93.txt,2025-03-25,0-60min,18,20,157
87,SelfAdmin,2025-04-03_12h22m_Subject 87.txt,2025-04-03,0-60min,5,32,69
87,SelfAdmin,2025-04-01_11h40m_Subject 87.txt,2025-04-01,0-60min,7,23,70
87,SelfAdmin,2025-03-10_13h19m_Subject 87.txt,2025-03-10,0-60min,6,8,64
87,SelfAdmin,2025-03-21_13h23m_Subject 87.txt,2025-03-21,0-60min,28,12,109
87,SelfAdmin,2025-03-13_12h44m_Subject 87.txt,2025-03-13,0-60min,21,22,85
87,SelfAdmin,2025-03-18_12h45m_Subject 87.txt,2025-03-18,0-60min,28,28,53
87,SelfAdmin,2025-04-07_12h35m_Subject 87.txt,2025-04-07,0-60min,2,49,47
87,SelfAdmin,2025-03-25_12h17m_Subject 87.txt,2025-03-25,0-60min,16,21,69
87,SelfAdmin,2025-04-11_13h11m_Subject 87.txt,2025-04-11,0-60min,6,33,56
87,SelfAdmin,2025-03-14_12h54m_Subject 87.txt,2025-03-14,0-60min,32,27,70
87,SelfAdmin,2025-04-04_11h54m_Subject 87.txt,2025-04-04,0-60min,8,17,75
87,SelfAdmin,2025-03-27_12h02m_Subject 87.txt,2025-03-27,0-60min,13,32,108
87,SelfAdmin,2025-03-26_13h28m_Subject 87.txt,2025-03-26,0-60min,15,47,81
87,SelfAdmin,2025-04-02_13h05m_Subject 87.txt,2025-04-02,0-60min,4,33,65
87,SelfAdmin,2025-03-24_12h44m_Subject 87.txt,2025-03-24,0-60min,29,40,37
87,SelfAdmin,2025-03-12_12h37m_Subject 87.txt,2025-03-12,0-60min,3,13,82
87,SelfAdmin,2025-03-20_13h38m_Subject 87.txt,2025-03-20,0-60min,23,9,93
87,SelfAdmin,2025-04-08_12h48m_Subject 87.txt,2025-04-08,0-60min,4,13,32
87,SelfAdmin,2025-03-17_13h17m_Subject 87.txt,2025-03-17,0-60min,18,32,70
87,SelfAdmin,2025-04-14_10h34m_Subject 87.txt,2025-04-14,0-60min,21,13,52
87,SelfAdmin,2025-04-09_12h23m_Subject 87.txt,2025-04-09,0-60min,5,27,38
87,SelfAdmin,2025-04-10_13h07m_Subject 87.txt,2025-04-10,0-60min,7,14,35
87,SelfAdmin,2025-03-19_12h33m_Subject 87.txt,2025-03-19,0-60min,19,9,45
87,SelfAdmin,2025-03-11_12h50m_Subject 87.txt,2025-03-11,0-60min,17,26,73
87,SelfAdmin,2025-03-28_12h08m_Subject 87.txt,2025-03-28,0-60min,6,29,99
87,SelfAdmin,2025-03-31_12h54m_Subject 87.txt,2025-03-31,0-60min,18,43,154
88,SelfAdmin,2025-04-07_12h35m_Subject 88.txt,2025-04-07,0-60min,20,4,5
88,SelfAdmin,2025-03-25_12h17m_Subject 88.txt,2025-03-25,0-60min,19,9,128
88,SelfAdmin,2025-03-13_12h44m_Subject 88.txt,2025-03-13,0-60min,3,0,221
88,SelfAdmin,2025-04-02_13h05m_Subject 88.txt,2025-04-02,0-60min,20,5,43
88,SelfAdmin,2025-03-19_12h33m_Subject 88.txt,2025-03-19,0-60min,4,1,123
88,SelfAdmin,2025-03-21_13h23m_Subject 88.txt,2025-03-21,0-60min,7,1,48
88,SelfAdmin,2025-03-27_12h02m_Subject 88.txt,2025-03-27,0-60min,15,2,55
88,SelfAdmin,2025-04-14_10h34m_Subject 88.txt,2025-04-14,0-60min,29,12,76
88,SelfAdmin,2025-03-20_13h38m_Subject 88.txt,2025-03-20,0-60min,5,2,51
88,SelfAdmin,2025-03-17_13h17m_Subject 88.txt,2025-03-17,0-60min,3,2,68
88,SelfAdmin,2025-03-28_12h09m_Subject 88.txt,2025-03-28,0-60min,13,8,111
88,SelfAdmin,2025-03-14_12h54m_Subject 88.txt,2025-03-14,0-60min,7,28,56
88,SelfAdmin,2025-04-04_11h54m_Subject 88.txt,2025-04-04,0-60min,19,2,20
88,SelfAdmin,2025-03-24_12h44m_Subject 88.txt,2025-03-24,0-60min,13,6,197
88,SelfAdmin,2025-04-09_12h23m_Subject 88.txt,2025-04-09,0-60min,19,9,13
88,SelfAdmin,2025-04-01_11h40m_Subject 88.txt,2025-04-01,0-60min,14,2,45
88,SelfAdmin,2025-03-18_12h45m_Subject 88.txt,2025-03-18,0-60min,4,0,61
88,SelfAdmin,2025-03-11_12h50m_Subject 88.txt,2025-03-11,0-60min,4,1,19
88,SelfAdmin,2025-04-08_12h48m_Subject 88.txt,2025-04-08,0-60min,13,3,6
88,SelfAdmin,2025-04-11_13h11m_Subject 88.txt,2025-04-11,0-60min,13,4,13
88,SelfAdmin,2025-04-10_13h07m_Subject 88.txt,2025-04-10,0-60min,21,6,14
88,SelfAdmin,2025-03-10_13h19m_Subject 88.txt,2025-03-10,0-60min,6,2,58
88,SelfAdmin,2025-03-12_12h37m_Subject 88.txt,2025-03-12,0-60min,2,0,28
88,SelfAdmin,2025-04-03_12h22m_Subject 88.txt,2025-04-03,0-60min,22,9,24
88,SelfAdmin,2025-03-26_13h28m_Subject 88.txt,2025-03-26,0-60min,4,2,94
88,SelfAdmin,2025-03-31_12h54m_Subject 88.txt,2025-03-31,0-60min,10,2,40
73,SelfAdmin,2025-04-10_09h49m_Subject 73.txt,2025-04-10,0-60min,18,8,48
73,SelfAdmin,2025-03-18_09h19m_Subject 73.txt,2025-03-18,0-60min,18,14,85
73,SelfAdmin,2025-04-04_08h36m_Subject 73.txt,2025-04-04,0-60min,20,7,131
73,SelfAdmin,2025-03-11_09h21m_Subject 73.txt,2025-03-11,0-60min,10,6,73
73,SelfAdmin,2025-04-03_09h06m_Subject 73.txt,2025-04-03,0-60min,23,10,90
73,SelfAdmin,2025-03-31_09h37m_Subject 73.txt,2025-03-31,0-60min,15,16,108
73,SelfAdmin,2025-03-25_09h03m_Subject 73.txt,2025-03-25,0-60min,16,8,27
73,SelfAdmin,2025-03-17_08h53m_Subject 73.txt,2025-03-17,0-60min,17,14,78
73,SelfAdmin,2025-04-08_09h18m_Subject 73.txt,2025-04-08,0-60min,21,3,126
73,SelfAdmin,2025-04-11_09h49m_Subject 73.txt,2025-04-11,0-60min,18,5,90
73,SelfAdmin,2025-03-20_10h05m_Subject 73.txt,2025-03-20,0-60min,20,13,90
73,SelfAdmin,2025-03-14_09h17m_Subject 73.txt,2025-03-14,0-60min,13,9,174
73,SelfAdmin,2025-03-10_09h38m_Subject 73.txt,2025-03-10,0-60min,16,27,111
73,SelfAdmin,2025-03-26_10h12m_Subject 73.txt,2025-03-26,0-60min,16,7,40
73,SelfAdmin,2025-03-28_08h53m_Subject 73.txt,2025-03-28,0-60min,18,5,44
73,SelfAdmin,2025-03-21_09h24m_Subject 73.txt,2025-03-21,0-60min,15,20,65
73,SelfAdmin,2025-04-07_08h39m_Subject 73.txt,2025-04-07,0-60min,21,0,26
73,SelfAdmin,2025-04-02_09h48m_Subject 73.txt,2025-04-02,0-60min,19,8,15
73,SelfAdmin,2025-04-01_08h20m_Subject 73.txt,2025-04-01,0-60min,28,8,60
73,SelfAdmin,2025-04-14_09h08m_Subject 73.txt,2025-04-14,0-60min,18,4,126
73,SelfAdmin,2025-04-09_09h06m_Subject 73.txt,2025-04-09,0-60min,9,6,68
73,SelfAdmin,2025-03-13_09h06m_Subject 73.txt,2025-03-13,0-60min,11,2,75
73,SelfAdmin,2025-03-12_09h11m_Subject 73.txt,2025-03-12,0-60min,34,10,26
73,SelfAdmin,2025-03-24_09h15m_Subject 73.txt,2025-03-24,0-60min,17,14,70
73,SelfAdmin,2025-03-27_08h40m_Subject 73.txt,2025-03-27,0-60min,22,2,40
73,SelfAdmin,2025-03-19_09h12m_Subject 73.txt,2025-03-19,0-60min,19,19,107
91,SelfAdmin,2025-03-31_12h55m_Subject 91.txt,2025-03-31,0-60min,16,16,200
91,SelfAdmin,2025-03-21_13h24m_Subject 91.txt,2025-03-21,0-60min,10,2,211
91,SelfAdmin,2025-03-18_12h46m_Subject 91.txt,2025-03-18,0-60min,18,6,248
91,SelfAdmin,2025-03-25_12h17m_Subject 91.txt,2025-03-25,0-60min,20,17,164
91,SelfAdmin,2025-03-27_12h03m_Subject 91.txt,2025-03-27,0-60min,24,17,221
91,SelfAdmin,2025-04-04_11h55m_Subject 91.txt,2025-04-04,0-60min,12,23,62
91,SelfAdmin,2025-04-09_12h24m_Subject 91.txt,2025-04-09,0-60min,14,12,57
91,SelfAdmin,2025-04-03_12h22m_Subject 91.txt,2025-04-03,0-60min,14,15,71
91,SelfAdmin,2025-04-08_12h49m_Subject 91.txt,2025-04-08,0-60min,18,19,45
91,SelfAdmin,2025-03-20_13h39m_Subject 91.txt,2025-03-20,0-60min,8,2,674
91,SelfAdmin,2025-04-10_13h07m_Subject 91.txt,2025-04-10,0-60min,11,14,33
91,SelfAdmin,2025-04-11_13h11m_Subject 91.txt,2025-04-11,0-60min,16,31,33
91,SelfAdmin,2025-03-10_13h20m_Subject 91.txt,2025-03-10,0-60min,15,5,342
91,SelfAdmin,2025-03-14_12h55m_Subject 91.txt,2025-03-14,0-60min,24,15,149
91,SelfAdmin,2025-03-17_13h18m_Subject 91.txt,2025-03-17,0-60min,11,6,167
91,SelfAdmin,2025-03-28_12h09m_Subject 91.txt,2025-03-28,0-60min,21,24,203
91,SelfAdmin,2025-04-07_12h35m_Subject 91.txt,2025-04-07,0-60min,13,9,20
91,SelfAdmin,2025-03-13_12h44m_Subject 91.txt,2025-03-13,0-60min,23,14,130
91,SelfAdmin,2025-03-11_12h51m_Subject 91.txt,2025-03-11,0-60min,6,6,382
91,SelfAdmin,2025-03-24_12h45m_Subject 91.txt,2025-03-24,0-60min,42,42,101
91,SelfAdmin,2025-03-12_12h38m_Subject 91.txt,2025-03-12,0-60min,27,21,156
91,SelfAdmin,2025-03-26_13h29m_Subject 91.txt,2025-03-26,0-60min,27,12,135
91,SelfAdmin,2025-03-19_12h34m_Subject 91.txt,2025-03-19,0-60min,11,2,502
91,SelfAdmin,2025-04-14_11h31m_Subject 91.txt,2025-04-14,0-60min,0,0,5
91,SelfAdmin,2025-04-14_11h51m_Subject 91.txt,2025-04-14,0-60min,16,19,110
91,SelfAdmin,2025-04-02_13h06m_Subject 91.txt,2025-04-02,0-60min,21,13,90
91,SelfAdmin,2025-04-01_11h41m_Subject 91.txt,2025-04-01,0-60min,17,16,68
76,SelfAdmin,2025-04-10_09h50m_Subject 76.txt,2025-04-10,0-60min,21,3,38
76,SelfAdmin,2025-04-03_09h07m_Subject 76.txt,2025-04-03,0-60min,30,23,77
76,SelfAdmin,2025-03-21_09h24m_Subject 76.txt,2025-03-21,0-60min,12,9,65
76,SelfAdmin,2025-04-11_09h50m_Subject 76.txt,2025-04-11,0-60min,34,9,76
76,SelfAdmin,2025-03-12_09h12m_Subject 76.txt,2025-03-12,0-60min,9,9,57
76,SelfAdmin,2025-03-24_09h15m_Subject 76.txt,2025-03-24,0-60min,18,19,128
76,SelfAdmin,2025-03-20_10h05m_Subject 76.txt,2025-03-20,0-60min,12,9,26
76,SelfAdmin,2025-03-18_09h19m_Subject 76.txt,2025-03-18,0-60min,13,13,30
76,SelfAdmin,2025-04-02_09h48m_Subject 76.txt,2025-04-02,0-60min,20,8,27
76,SelfAdmin,2025-03-25_09h03m_Subject 76.txt,2025-03-25,0-60min,21,27,71
76,SelfAdmin,2025-04-04_08h37m_Subject 76.txt,2025-04-04,0-60min,38,32,71
76,SelfAdmin,2025-04-08_09h19m_Subject 76.txt,2025-04-08,0-60min,49,7,48
76,SelfAdmin,2025-04-01_08h21m_Subject 76.txt,2025-04-01,0-60min,24,45,92
76,SelfAdmin,2025-03-19_09h13m_Subject 76.txt,2025-03-19,0-60min,25,20,47
76,SelfAdmin,2025-04-07_08h40m_Subject 76.txt,2025-04-07,0-60min,25,9,52
76,SelfAdmin,2025-03-13_09h06m_Subject 76.txt,2025-03-13,0-60min,15,6,40
76,SelfAdmin,2025-03-27_08h40m_Subject 76.txt,2025-03-27,0-60min,20,30,81
76,SelfAdmin,2025-03-11_09h21m_Subject 76.txt,2025-03-11,0-60min,13,4,128
76,SelfAdmin,2025-03-10_09h38m_Subject 76.txt,2025-03-10,0-60min,3,2,231
76,SelfAdmin,2025-03-17_08h54m_Subject 76.txt,2025-03-17,0-60min,24,9,73
76,SelfAdmin,2025-03-28_08h53m_Subject 76.txt,2025-03-28,0-60min,24,31,110
76,SelfAdmin,2025-04-14_09h09m_Subject 76.txt,2025-04-14,0-60min,13,8,79
76,SelfAdmin,2025-03-26_10h13m_Subject 76.txt,2025-03-26,0-60min,16,18,61
76,SelfAdmin,2025-03-14_09h17m_Subject 76.txt,2025-03-14,0-60min,25,6,105
76,SelfAdmin,2025-03-31_09h37m_Subject 76.txt,2025-03-31,0-60min,18,17,67
76,SelfAdmin,2025-04-09_09h06m_Subject 76.txt,2025-04-09,0-60min,34,17,94
82,SelfAdmin,2025-04-09_09h07m_Subject 82.txt,2025-04-09,0-60min,4,4,98
82,SelfAdmin,2025-04-04_08h38m_Subject 82.txt,2025-04-04,0-60min,10,4,108
82,SelfAdmin,2025-04-03_09h07m_Subject 82.txt,2025-04-03,0-60min,7,5,69
82,SelfAdmin,2025-03-28_08h54m_Subject 82.txt,2025-03-28,0-60min,15,14,84
82,SelfAdmin,2025-03-17_08h54m_Subject 82.txt,2025-03-17,0-60min,9,11,252
82,SelfAdmin,2025-03-21_09h24m_Subject 82.txt,2025-03-21,0-60min,22,15,163
82,SelfAdmin,2025-03-14_09h19m_Subject 82.txt,2025-03-14,0-60min,6,8,89
82,SelfAdmin,2025-03-13_09h06m_Subject 82.txt,2025-03-13,0-60min,9,14,106
82,SelfAdmin,2025-03-27_08h41m_Subject 82.txt,2025-03-27,0-60min,5,8,120
82,SelfAdmin,2025-04-08_09h19m_Subject 82.txt,2025-04-08,0-60min,4,6,72
82,SelfAdmin,2025-04-11_09h50m_Subject 82.txt,2025-04-11,0-60min,6,8,89
82,SelfAdmin,2025-03-25_09h04m_Subject 82.txt,2025-03-25,0-60min,10,7,158
82,SelfAdmin,2025-03-19_09h13m_Subject 82.txt,2025-03-19,0-60min,15,18,180
82,SelfAdmin,2025-04-14_09h09m_Subject 82.txt,2025-04-14,0-60min,24,15,74
82,SelfAdmin,2025-03-24_09h16m_Subject 82.txt,2025-03-24,0-60min,16,21,184
82,SelfAdmin,2025-03-31_09h38m_Subject 82.txt,2025-03-31,0-60min,4,7,99
82,SelfAdmin,2025-03-12_09h12m_Subject 82.txt,2025-03-12,0-60min,8,12,88
82,SelfAdmin,2025-04-01_08h21m_Subject 82.txt,2025-04-01,0-60min,8,6,94
82,SelfAdmin,2025-04-10_09h50m_Subject 82.txt,2025-04-10,0-60min,3,6,88
82,SelfAdmin,2025-03-11_09h21m_Subject 82.txt,2025-03-11,0-60min,6,10,73
82,SelfAdmin,2025-04-02_09h49m_Subject 82.txt,2025-04-02,0-60min,5,4,60
82,SelfAdmin,2025-03-18_09h20m_Subject 82.txt,2025-03-18,0-60min,9,19,168
82,SelfAdmin,2025-03-10_09h39m_Subject 82.txt,2025-03-10,0-60min,4,7,117
82,SelfAdmin,2025-03-26_10h13m_Subject 82.txt,2025-03-26,0-60min,3,5,76
82,SelfAdmin,2025-03-20_10h05m_Subject 82.txt,2025-03-20,0-60min,17,9,130
82,SelfAdmin,2025-04-07_08h49m_Subject 82.txt,2025-04-07,0-60min,6,1,114
94,SelfAdmin,2025-04-03_12h23m_Subject 94.txt,2025-04-03,0-60min,7,14,106
94,SelfAdmin,2025-04-02_13h06m_Subject 94.txt,2025-04-02,0-60min,7,8,88
94,SelfAdmin,2025-03-31_12h55m_Subject 94.txt,2025-03-31,0-60min,5,13,87
94,SelfAdmin,2025-03-10_13h20m_Subject 94.txt,2025-03-10,0-60min,2,3,341
94,SelfAdmin,2025-03-14_12h55m_Subject 94.txt,2025-03-14,0-60min,7,11,159
94,SelfAdmin,2025-04-14_11h51m_Subject 94.txt,2025-04-14,0-60min,3,9,101
94,SelfAdmin,2025-03-19_12h34m_Subject 94.txt,2025-03-19,0-60min,9,3,148
94,SelfAdmin,2025-03-24_12h48m_Subject 94.txt,2025-03-24,0-60min,4,9,61
94,SelfAdmin,2025-04-04_11h55m_Subject 94.txt,2025-04-04,0-60min,5,23,91
94,SelfAdmin,2025-03-11_12h51m_Subject 94.txt,2025-03-11,0-60min,6,12,252
94,SelfAdmin,2025-04-07_12h35m_Subject 94.txt,2025-04-07,0-60min,5,17,70
94,SelfAdmin,2025-03-25_12h17m_Subject 94.txt,2025-03-25,0-60min,5,5,116
94,SelfAdmin,2025-04-01_11h42m_Subject 94.txt,2025-04-01,0-60min,5,17,94
94,SelfAdmin,2025-03-12_12h38m_Subject 94.txt,2025-03-12,0-60min,7,17,162
94,SelfAdmin,2025-03-21_13h25m_Subject 94.txt,2025-03-21,0-60min,11,10,136
94,SelfAdmin,2025-04-08_12h49m_Subject 94.txt,2025-04-08,0-60min,9,17,80
94,SelfAdmin,2025-04-09_12h24m_Subject 94.txt,2025-04-09,0-60min,4,7,110
94,SelfAdmin,2025-03-13_12h44m_Subject 94.txt,2025-03-13,0-60min,5,20,184
94,SelfAdmin,2025-03-17_13h18m_Subject 94.txt,2025-03-17,0-60min,5,16,173
94,SelfAdmin,2025-03-27_12h03m_Subject 94.txt,2025-03-27,0-60min,3,6,69
94,SelfAdmin,2025-03-20_13h39m_Subject 94.txt,2025-03-20,0-60min,11,29,110
94,SelfAdmin,2025-03-28_12h09m_Subject 94.txt,2025-03-28,0-60min,8,12,110
94,SelfAdmin,2025-04-11_13h12m_Subject 94.txt,2025-04-11,0-60min,5,5,174
94,SelfAdmin,2025-03-26_13h29m_Subject 94.txt,2025-03-26,0-60min,5,11,123
94,SelfAdmin,2025-04-10_13h08m_Subject 94.txt,2025-04-10,0-60min,6,6,180
94,SelfAdmin,2025-03-18_12h46m_Subject 94.txt,2025-03-18,0-60min,8,9,137
85,SelfAdmin,2025-03-20_13h38m_Subject 85.txt,2025-03-20,0-60min,23,11,54
85,SelfAdmin,2025-03-14_12h54m_Subject 85.txt,2025-03-14,0-60min,32,22,160
85,SelfAdmin,2025-03-24_12h44m_Subject 85.txt,2025-03-24,0-60min,19,18,131
85,SelfAdmin,2025-03-13_12h44m_Subject 85.txt,2025-03-13,0-60min,29,19,77
85,SelfAdmin,2025-04-11_13h10m_Subject 85.txt,2025-04-11,0-60min,13,19,70
85,SelfAdmin,2025-04-07_12h35m_Subject 85.txt,2025-04-07,0-60min,13,12,102
85,SelfAdmin,2025-04-10_13h07m_Subject 85.txt,2025-04-10,0-60min,8,14,91
85,SelfAdmin,2025-03-18_12h45m_Subject 85.txt,2025-03-18,0-60min,38,17,91
85,SelfAdmin,2025-03-17_13h17m_Subject 85.txt,2025-03-17,0-60min,46,26,123
85,SelfAdmin,2025-03-26_13h28m_Subject 85.txt,2025-03-26,0-60min,21,11,73
85,SelfAdmin,2025-04-14_10h34m_Subject 85.txt,2025-04-14,0-60min,16,11,58
85,SelfAdmin,2025-03-21_13h22m_Subject 85.txt,2025-03-21,0-60min,19,11,74
85,SelfAdmin,2025-04-08_12h48m_Subject 85.txt,2025-04-08,0-60min,10,8,51
85,SelfAdmin,2025-04-04_11h54m_Subject 85.txt,2025-04-04,0-60min,19,2,54
85,SelfAdmin,2025-04-01_11h40m_Subject 85.txt,2025-04-01,0-60min,14,14,144
85,SelfAdmin,2025-03-11_12h50m_Subject 85.txt,2025-03-11,0-60min,20,9,185
85,SelfAdmin,2025-04-09_12h23m_Subject 85.txt,2025-04-09,0-60min,11,16,61
85,SelfAdmin,2025-03-10_13h19m_Subject 85.txt,2025-03-10,0-60min,29,13,167
85,SelfAdmin,2025-04-03_12h21m_Subject 85.txt,2025-04-03,0-60min,12,5,165
85,SelfAdmin,2025-03-31_12h54m_Subject 85.txt,2025-03-31,0-60min,19,15,101
85,SelfAdmin,2025-03-25_12h16m_Subject 85.txt,2025-03-25,0-60min,13,14,80
85,SelfAdmin,2025-03-12_12h37m_Subject 85.txt,2025-03-12,0-60min,10,3,108
85,SelfAdmin,2025-04-02_13h05m_Subject 85.txt,2025-04-02,0-60min,16,21,187
85,SelfAdmin,2025-03-28_12h08m_Subject 85.txt,2025-03-28,0-60min,15,6,90
85,SelfAdmin,2025-03-19_12h33m_Subject 85.txt,2025-03-19,0-60min,22,15,64
85,SelfAdmin,2025-03-27_12h02m_Subject 85.txt,2025-03-27,0-60min,14,11,81
79,SelfAdmin,2025-03-19_09h13m_Subject 79.txt,2025-03-19,0-60min,9,32,922
79,SelfAdmin,2025-04-03_09h07m_Subject 79.txt,2025-04-03,0-60min,26,15,243
79,SelfAdmin,2025-03-24_09h15m_Subject 79.txt,2025-03-24,0-60min,25,17,535
79,SelfAdmin,2025-04-01_08h21m_Subject 79.txt,2025-04-01,0-60min,27,22,123
79,SelfAdmin,2025-04-08_09h19m_Subject 79.txt,2025-04-08,0-60min,44,16,288
79,SelfAdmin,2025-03-25_09h04m_Subject 79.txt,2025-03-25,0-60min,35,27,281
79,SelfAdmin,2025-04-10_09h50m_Subject 79.txt,2025-04-10,0-60min,32,15,212
79,SelfAdmin,2025-03-18_09h19m_Subject 79.txt,2025-03-18,0-60min,4,10,821
79,SelfAdmin,2025-04-09_09h06m_Subject 79.txt,2025-04-09,0-60min,30,10,159
79,SelfAdmin,2025-04-14_09h09m_Subject 79.txt,2025-04-14,0-60min,27,44,164
79,SelfAdmin,2025-03-14_09h19m_Subject 79.txt,2025-03-14,0-60min,7,6,224
79,SelfAdmin,2025-04-07_08h45m_Subject 79.txt,2025-04-07,0-60min,26,19,351
79,SelfAdmin,2025-03-31_09h38m_Subject 79.txt,2025-03-31,0-60min,37,26,145
79,SelfAdmin,2025-03-11_09h21m_Subject 79.txt,2025-03-11,0-60min,10,3,371
79,SelfAdmin,2025-03-13_09h06m_Subject 79.txt,2025-03-13,0-60min,3,60,351
79,SelfAdmin,2025-03-20_10h05m_Subject 79.txt,2025-03-20,0-60min,8,1,1898
79,SelfAdmin,2025-04-11_09h50m_Subject 79.txt,2025-04-11,0-60min,18,12,155
79,SelfAdmin,2025-03-17_08h54m_Subject 79.txt,2025-03-17,0-60min,10,8,710
79,SelfAdmin,2025-03-10_09h39m_Subject 79.txt,2025-03-10,0-60min,3,6,305
79,SelfAdmin,2025-04-04_08h37m_Subject 79.txt,2025-04-04,0-60min,29,20,184
79,SelfAdmin,2025-03-27_08h41m_Subject 79.txt,2025-03-27,0-60min,27,30,135
79,SelfAdmin,2025-03-28_08h53m_Subject 79.txt,2025-03-28,0-60min,47,32,166
79,SelfAdmin,2025-03-26_10h13m_Subject 79.txt,2025-03-26,0-60min,15,23,241
79,SelfAdmin,2025-03-12_09h12m_Subject 79.txt,2025-03-12,0-60min,8,12,411
79,SelfAdmin,2025-03-21_09h24m_Subject 79.txt,2025-03-21,0-60min,11,5,1986
79,SelfAdmin,2025-04-02_09h49m_Subject 79.txt,2025-04-02,0-60min,34,16,225
86,SelfAdmin,2025-04-02_13h05m_Subject 86.txt,2025-04-02,0-60min,3,5,75
86,SelfAdmin,2025-04-03_12h21m_Subject 86.txt,2025-04-03,0-60min,3,6,68
86,SelfAdmin,2025-03-10_13h19m_Subject 86.txt,2025-03-10,0-60min,1,3,114
86,SelfAdmin,2025-04-09_12h23m_Subject 86.txt,2025-04-09,0-60min,8,8,98
86,SelfAdmin,2025-03-27_12h02m_Subject 86.txt,2025-03-27,0-60min,3,6,198
86,SelfAdmin,2025-03-21_13h23m_Subject 86.txt,2025-03-21,0-60min,6,0,125
86,SelfAdmin,2025-03-13_12h44m_Subject 86.txt,2025-03-13,0-60min,5,2,44
86,SelfAdmin,2025-03-24_12h44m_Subject 86.txt,2025-03-24,0-60min,11,7,258
86,SelfAdmin,2025-04-11_13h11m_Subject 86.txt,2025-04-11,0-60min,9,11,88
86,SelfAdmin,2025-04-04_11h54m_Subject 86.txt,2025-04-04,0-60min,3,2,41
86,SelfAdmin,2025-03-28_12h08m_Subject 86.txt,2025-03-28,0-60min,4,5,131
86,SelfAdmin,2025-03-17_13h17m_Subject 86.txt,2025-03-17,0-60min,3,0,124
86,SelfAdmin,2025-03-19_12h33m_Subject 86.txt,2025-03-19,0-60min,3,0,162
86,SelfAdmin,2025-04-14_10h34m_Subject 86.txt,2025-04-14,0-60min,13,3,59
86,SelfAdmin,2025-03-31_12h54m_Subject 86.txt,2025-03-31,0-60min,6,4,97
86,SelfAdmin,2025-03-25_12h16m_Subject 86.txt,2025-03-25,0-60min,6,4,133
86,SelfAdmin,2025-03-12_12h37m_Subject 86.txt,2025-03-12,0-60min,0,0,88
86,SelfAdmin,2025-04-07_12h35m_Subject 86.txt,2025-04-07,0-60min,2,3,58
86,SelfAdmin,2025-03-14_12h54m_Subject 86.txt,2025-03-14,0-60min,2,3,148
86,SelfAdmin,2025-03-20_13h38m_Subject 86.txt,2025-03-20,0-60min,5,0,171
86,SelfAdmin,2025-03-26_13h28m_Subject 86.txt,2025-03-26,0-60min,7,4,319
86,SelfAdmin,2025-04-10_13h07m_Subject 86.txt,2025-04-10,0-60min,8,12,71
86,SelfAdmin,2025-03-11_12h50m_Subject 86.txt,2025-03-11,0-60min,0,0,123
86,SelfAdmin,2025-04-01_11h40m_Subject 86.txt,2025-04-01,0-60min,4,5,85
86,SelfAdmin,2025-03-18_12h45m_Subject 86.txt,2025-03-18,0-60min,2,0,217
86,SelfAdmin,2025-04-08_12h48m_Subject 86.txt,2025-04-08,0-60min,10,12,96
92,SelfAdmin,2025-03-18_12h46m_Subject 92.txt,2025-03-18,0-60min,22,16,227
92,SelfAdmin,2025-04-03_12h22m_Subject 92.txt,2025-04-03,0-60min,22,42,52
92,SelfAdmin,2025-03-14_12h55m_Subject 92.txt,2025-03-14,0-60min,21,11,208
92,SelfAdmin,2025-03-26_13h29m_Subject 92.txt,2025-03-26,0-60min,23,29,61
92,SelfAdmin,2025-03-11_12h51m_Subject 92.txt,2025-03-11,0-60min,7,7,229
92,SelfAdmin,2025-03-31_12h55m_Subject 92.txt,2025-03-31,0-60min,38,21,50
92,SelfAdmin,2025-04-11_13h12m_Subject 92.txt,2025-04-11,0-60min,30,35,78
92,SelfAdmin,2025-04-10_13h07m_Subject 92.txt,2025-04-10,0-60min,22,29,49
92,SelfAdmin,2025-03-13_12h44m_Subject 92.txt,2025-03-13,0-60min,6,17,235
92,SelfAdmin,2025-03-17_13h18m_Subject 92.txt,2025-03-17,0-60min,29,14,203
92,SelfAdmin,2025-03-21_13h24m_Subject 92.txt,2025-03-21,0-60min,14,6,296
92,SelfAdmin,2025-04-02_13h06m_Subject 92.txt,2025-04-02,0-60min,27,41,48
92,SelfAdmin,2025-04-01_11h41m_Subject 92.txt,2025-04-01,0-60min,28,44,76
92,SelfAdmin,2025-04-14_11h31m_Subject 92.txt,2025-04-14,0-60min,0,0,7
92,SelfAdmin,2025-03-28_12h09m_Subject 92.txt,2025-03-28,0-60min,34,20,44
92,SelfAdmin,2025-03-27_12h03m_Subject 92.txt,2025-03-27,0-60min,27,28,98
92,SelfAdmin,2025-03-25_12h17m_Subject 92.txt,2025-03-25,0-60min,19,22,106
92,SelfAdmin,2025-04-09_12h24m_Subject 92.txt,2025-04-09,0-60min,21,45,64
92,SelfAdmin,2025-03-12_12h38m_Subject 92.txt,2025-03-12,0-60min,7,11,226
92,SelfAdmin,2025-04-07_12h35m_Subject 92.txt,2025-04-07,0-60min,24,45,91
92,SelfAdmin,2025-04-08_12h49m_Subject 92.txt,2025-04-08,0-60min,26,40,43
92,SelfAdmin,2025-04-04_11h55m_Subject 92.txt,2025-04-04,0-60min,21,36,39
92,SelfAdmin,2025-03-20_13h39m_Subject 92.txt,2025-03-20,0-60min,21,7,164
92,SelfAdmin,2025-03-24_12h48m_Subject 92.txt,2025-03-24,0-60min,24,17,91
92,SelfAdmin,2025-03-19_12h34m_Subject 92.txt,2025-03-19,0-60min,21,8,232
92,SelfAdmin,2025-03-10_13h20m_Subject 92.txt,2025-03-10,0-60min,4,0,243
92,SelfAdmin,2025-04-14_11h51m_Subject 92.txt,2025-04-14,0-60min,17,23,52
80,SelfAdmin,2025-04-08_09h19m_Subject 80.txt,2025-04-08,0-60min,18,18,154
80,SelfAdmin,2025-03-27_08h41m_Subject 80.txt,2025-03-27,0-60min,28,13,225
80,SelfAdmin,2025-04-02_09h49m_Subject 80.txt,2025-04-02,0-60min,48,18,151
80,SelfAdmin,2025-03-17_08h54m_Subject 80.txt,2025-03-17,0-60min,51,6,443
80,SelfAdmin,2025-03-18_09h20m_Subject 80.txt,2025-03-18,0-60min,34,14,295
80,SelfAdmin,2025-04-01_08h21m_Subject 80.txt,2025-04-01,0-60min,34,16,138
80,SelfAdmin,2025-04-07_08h49m_Subject 80.txt,2025-04-07,0-60min,31,8,284
80,SelfAdmin,2025-04-04_08h37m_Subject 80.txt,2025-04-04,0-60min,30,12,41
80,SelfAdmin,2025-03-11_09h21m_Subject 80.txt,2025-03-11,0-60min,10,3,858
80,SelfAdmin,2025-04-11_09h50m_Subject 80.txt,2025-04-11,0-60min,21,13,97
80,SelfAdmin,2025-03-12_09h12m_Subject 80.txt,2025-03-12,0-60min,10,0,591
80,SelfAdmin,2025-03-21_09h24m_Subject 80.txt,2025-03-21,0-60min,37,1,915
80,SelfAdmin,2025-04-10_09h50m_Subject 80.txt,2025-04-10,0-60min,17,11,24
80,SelfAdmin,2025-03-20_10h05m_Subject 80.txt,2025-03-20,0-60min,30,7,699
80,SelfAdmin,2025-03-24_09h15m_Subject 80.txt,2025-03-24,0-60min,34,5,920
80,SelfAdmin,2025-03-10_09h39m_Subject 80.txt,2025-03-10,0-60min,12,3,482
80,SelfAdmin,2025-03-14_09h19m_Subject 80.txt,2025-03-14,0-60min,15,5,379
80,SelfAdmin,2025-04-03_09h07m_Subject 80.txt,2025-04-03,0-60min,31,18,55
80,SelfAdmin,2025-03-31_09h38m_Subject 80.txt,2025-03-31,0-60min,27,11,231
80,SelfAdmin,2025-04-09_09h06m_Subject 80.txt,2025-04-09,0-60min,23,14,80
80,SelfAdmin,2025-03-25_09h04m_Subject 80.txt,2025-03-25,0-60min,13,20,722
80,SelfAdmin,2025-03-26_10h13m_Subject 80.txt,2025-03-26,0-60min,25,16,355
80,SelfAdmin,2025-03-19_09h13m_Subject 80.txt,2025-03-19,0-60min,37,5,424
80,SelfAdmin,2025-03-28_08h53m_Subject 80.txt,2025-03-28,0-60min,31,22,219
80,SelfAdmin,2025-03-13_09h06m_Subject 80.txt,2025-03-13,0-60min,12,3,577
80,SelfAdmin,2025-04-14_09h09m_Subject 80.txt,2025-04-14,0-60min,54,11,274
89,SelfAdmin,2025-03-27_12h02m_Subject 89.txt,2025-03-27,0-60min,16,7,88
89,SelfAdmin,2025-04-10_13h07m_Subject 89.txt,2025-04-10,0-60min,10,5,47
89,SelfAdmin,2025-03-17_13h17m_Subject 89.txt,2025-03-17,0-60min,5,3,175
89,SelfAdmin,2025-03-12_12h37m_Subject 89.txt,2025-03-12,0-60min,7,2,55
89,SelfAdmin,2025-03-11_12h50m_Subject 89.txt,2025-03-11,0-60min,3,5,44
89,SelfAdmin,2025-04-09_12h24m_Subject 89.txt,2025-04-09,0-60min,14,6,56
89,SelfAdmin,2025-03-14_12h54m_Subject 89.txt,2025-03-14,0-60min,9,2,113
89,SelfAdmin,2025-03-21_13h24m_Subject 89.txt,2025-03-21,0-60min,5,12,97
89,SelfAdmin,2025-03-25_12h17m_Subject 89.txt,2025-03-25,0-60min,24,10,109
89,SelfAdmin,2025-04-02_13h05m_Subject 89.txt,2025-04-02,0-60min,10,7,236
89,SelfAdmin,2025-04-07_12h35m_Subject 89.txt,2025-04-07,0-60min,15,10,73
89,SelfAdmin,2025-04-08_12h48m_Subject 89.txt,2025-04-08,0-60min,14,13,63
89,SelfAdmin,2025-04-01_11h40m_Subject 89.txt,2025-04-01,0-60min,14,3,87
89,SelfAdmin,2025-04-14_10h34m_Subject 89.txt,2025-04-14,0-60min,21,10,57
89,SelfAdmin,2025-03-24_12h45m_Subject 89.txt,2025-03-24,0-60min,23,15,116
89,SelfAdmin,2025-03-26_13h28m_Subject 89.txt,2025-03-26,0-60min,12,9,139
89,SelfAdmin,2025-03-10_13h19m_Subject 89.txt,2025-03-10,0-60min,3,3,59
89,SelfAdmin,2025-03-13_12h44m_Subject 89.txt,2025-03-13,0-60min,5,3,88
89,SelfAdmin,2025-04-11_13h11m_Subject 89.txt,2025-04-11,0-60min,11,5,87
89,SelfAdmin,2025-03-19_12h33m_Subject 89.txt,2025-03-19,0-60min,5,4,99
89,SelfAdmin,2025-03-31_12h54m_Subject 89.txt,2025-03-31,0-60min,15,8,157
89,SelfAdmin,2025-03-20_13h39m_Subject 89.txt,2025-03-20,0-60min,5,5,122
89,SelfAdmin,2025-03-18_12h45m_Subject 89.txt,2025-03-18,0-60min,3,12,112
89,SelfAdmin,2025-04-04_11h54m_Subject 89.txt,2025-04-04,0-60min,13,3,95
89,SelfAdmin,2025-04-03_12h22m_Subject 89.txt,2025-04-03,0-60min,12,4,148
89,SelfAdmin,2025-03-28_12h09m_Subject 89.txt,2025-03-28,0-60min,9,9,152
83,SelfAdmin,2025-03-20_10h06m_Subject 83.txt,2025-03-20,0-60min,5,6,56
83,SelfAdmin,2025-03-10_09h39m_Subject 83.txt,2025-03-10,0-60min,4,0,81
83,SelfAdmin,2025-03-19_09h14m_Subject 83.txt,2025-03-19,0-60min,3,15,66
83,SelfAdmin,2025-03-12_09h12m_Subject 83.txt,2025-03-12,0-60min,3,2,113
83,SelfAdmin,2025-03-31_09h38m_Subject 83.txt,2025-03-31,0-60min,0,2,21
83,SelfAdmin,2025-04-02_09h49m_Subject 83.txt,2025-04-02,0-60min,3,7,64
83,SelfAdmin,2025-03-27_08h41m_Subject 83.txt,2025-03-27,0-60min,3,2,36
83,SelfAdmin,2025-04-03_09h07m_Subject 83.txt,2025-04-03,0-60min,13,3,135
83,SelfAdmin,2025-03-24_09h16m_Subject 83.txt,2025-03-24,0-60min,6,7,59
83,SelfAdmin,2025-03-18_09h20m_Subject 83.txt,2025-03-18,0-60min,2,9,97
83,SelfAdmin,2025-04-10_09h50m_Subject 83.txt,2025-04-10,0-60min,4,0,47
83,SelfAdmin,2025-04-14_09h09m_Subject 83.txt,2025-04-14,0-60min,4,6,48
83,SelfAdmin,2025-04-09_09h07m_Subject 83.txt,2025-04-09,0-60min,9,3,71
83,SelfAdmin,2025-04-01_08h21m_Subject 83.txt,2025-04-01,0-60min,4,4,63
83,SelfAdmin,2025-03-28_08h54m_Subject 83.txt,2025-03-28,0-60min,5,2,45
83,SelfAdmin,2025-03-25_09h04m_Subject 83.txt,2025-03-25,0-60min,1,2,49
83,SelfAdmin,2025-03-26_10h13m_Subject 83.txt,2025-03-26,0-60min,0,1,27
83,SelfAdmin,2025-03-13_09h06m_Subject 83.txt,2025-03-13,0-60min,6,4,288
83,SelfAdmin,2025-04-11_09h50m_Subject 83.txt,2025-04-11,0-60min,2,1,47
83,SelfAdmin,2025-03-17_08h54m_Subject 83.txt,2025-03-17,0-60min,8,1,144
83,SelfAdmin,2025-03-14_09h19m_Subject 83.txt,2025-03-14,0-60min,16,7,254
83,SelfAdmin,2025-04-07_08h49m_Subject 83.txt,2025-04-07,0-60min,3,0,49
83,SelfAdmin,2025-03-11_09h21m_Subject 83.txt,2025-03-11,0-60min,10,2,152
83,SelfAdmin,2025-04-04_08h38m_Subject 83.txt,2025-04-04,0-60min,4,1,33
83,SelfAdmin,2025-04-08_09h19m_Subject 83.txt,2025-04-08,0-60min,3,10,63
83,SelfAdmin,2025-03-21_09h24m_Subject 83.txt,2025-03-21,0-60min,6,4,59
95,SelfAdmin,2025-03-11_12h51m_Subject 95.txt,2025-03-11,0-60min,6,2,406
95,SelfAdmin,2025-03-25_12h17m_Subject 95.txt,2025-03-25,0-60min,32,29,216
95,SelfAdmin,2025-04-01_11h42m_Subject 95.txt,2025-04-01,0-60min,10,4,312
95,SelfAdmin,2025-03-19_12h34m_Subject 95.txt,2025-03-19,0-60min,14,7,390
95,SelfAdmin,2025-04-11_13h12m_Subject 95.txt,2025-04-11,0-60min,12,4,246
95,SelfAdmin,2025-03-12_12h38m_Subject 95.txt,2025-03-12,0-60min,19,5,312
95,SelfAdmin,2025-04-08_12h49m_Subject 95.txt,2025-04-08,0-60min,14,5,151
95,SelfAdmin,2025-03-28_12h09m_Subject 95.txt,2025-03-28,0-60min,15,5,223
95,SelfAdmin,2025-03-24_12h48m_Subject 95.txt,2025-03-24,0-60min,27,48,205
95,SelfAdmin,2025-03-27_12h03m_Subject 95.txt,2025-03-27,0-60min,17,12,133
95,SelfAdmin,2025-04-09_12h24m_Subject 95.txt,2025-04-09,0-60min,9,1,183
95,SelfAdmin,2025-04-10_13h08m_Subject 95.txt,2025-04-10,0-60min,15,1,208
95,SelfAdmin,2025-03-13_12h44m_Subject 95.txt,2025-03-13,0-60min,7,1,920
95,SelfAdmin,2025-03-20_13h39m_Subject 95.txt,2025-03-20,0-60min,6,0,488
95,SelfAdmin,2025-03-17_13h18m_Subject 95.txt,2025-03-17,0-60min,11,2,489
95,SelfAdmin,2025-03-21_13h25m_Subject 95.txt,2025-03-21,0-60min,10,0,708
95,SelfAdmin,2025-03-26_13h29m_Subject 95.txt,2025-03-26,0-60min,25,30,486
95,SelfAdmin,2025-03-14_12h55m_Subject 95.txt,2025-03-14,0-60min,12,3,485
95,SelfAdmin,2025-03-31_12h55m_Subject 95.txt,2025-03-31,0-60min,12,7,239
95,SelfAdmin,2025-04-02_13h06m_Subject 95.txt,2025-04-02,0-60min,10,4,274
95,SelfAdmin,2025-03-18_12h46m_Subject 95.txt,2025-03-18,0-60min,13,8,327
95,SelfAdmin,2025-04-07_12h36m_Subject 95.txt,2025-04-07,0-60min,15,5,166
95,SelfAdmin,2025-04-14_11h51m_Subject 95.txt,2025-04-14,0-60min,24,7,236
95,SelfAdmin,2025-03-10_13h20m_Subject 95.txt,2025-03-10,0-60min,5,4,219
95,SelfAdmin,2025-04-04_11h55m_Subject 95.txt,2025-04-04,0-60min,10,1,260
95,SelfAdmin,2025-04-03_12h23m_Subject 95.txt,2025-04-03,0-60min,12,4,196
74,SelfAdmin,2025-03-25_09h03m_Subject 74.txt,2025-03-25,0-60min,5,4,145
74,SelfAdmin,2025-03-20_10h05m_Subject 74.txt,2025-03-20,0-60min,10,8,192
74,SelfAdmin,2025-03-13_09h06m_Subject 74.txt,2025-03-13,0-60min,6,2,77
74,SelfAdmin,2025-03-14_09h17m_Subject 74.txt,2025-03-14,0-60min,8,2,62
74,SelfAdmin,2025-04-01_08h21m_Subject 74.txt,2025-04-01,0-60min,16,4,130
74,SelfAdmin,2025-04-07_08h40m_Subject 74.txt,2025-04-07,0-60min,2,2,160
74,SelfAdmin,2025-04-08_09h19m_Subject 74.txt,2025-04-08,0-60min,3,1,293
74,SelfAdmin,2025-04-09_09h06m_Subject 74.txt,2025-04-09,0-60min,9,10,77
74,SelfAdmin,2025-03-11_09h21m_Subject 74.txt,2025-03-11,0-60min,9,4,90
74,SelfAdmin,2025-03-26_10h13m_Subject 74.txt,2025-03-26,0-60min,2,5,48
74,SelfAdmin,2025-03-19_09h12m_Subject 74.txt,2025-03-19,0-60min,16,2,313
74,SelfAdmin,2025-04-11_09h49m_Subject 74.txt,2025-04-11,0-60min,1,3,137
74,SelfAdmin,2025-03-18_09h19m_Subject 74.txt,2025-03-18,0-60min,16,3,157
74,SelfAdmin,2025-04-03_09h06m_Subject 74.txt,2025-04-03,0-60min,8,5,94
74,SelfAdmin,2025-04-04_08h36m_Subject 74.txt,2025-04-04,0-60min,4,0,353
74,SelfAdmin,2025-03-10_09h38m_Subject 74.txt,2025-03-10,0-60min,10,7,122
74,SelfAdmin,2025-04-14_09h08m_Subject 74.txt,2025-04-14,0-60min,14,7,108
74,SelfAdmin,2025-03-31_09h37m_Subject 74.txt,2025-03-31,0-60min,7,5,152
74,SelfAdmin,2025-04-02_09h48m_Subject 74.txt,2025-04-02,0-60min,6,4,133
74,SelfAdmin,2025-03-27_08h40m_Subject 74.txt,2025-03-27,0-60min,15,10,244
74,SelfAdmin,2025-03-17_08h53m_Subject 74.txt,2025-03-17,0-60min,10,6,125
74,SelfAdmin,2025-03-24_09h15m_Subject 74.txt,2025-03-24,0-60min,11,5,168
74,SelfAdmin,2025-03-12_09h11m_Subject 74.txt,2025-03-12,0-60min,9,1,100
74,SelfAdmin,2025-03-28_08h53m_Subject 74.txt,2025-03-28,0-60min,11,10,333
74,SelfAdmin,2025-03-21_09h24m_Subject 74.txt,2025-03-21,0-60min,26,5,196
74,SelfAdmin,2025-04-10_09h50m_Subject 74.txt,2025-04-10,0-60min,6,2,138
77,SelfAdmin,2025-03-19_09h13m_Subject 77.txt,2025-03-19,0-60min,8,8,34
77,SelfAdmin,2025-03-26_10h13m_Subject 77.txt,2025-03-26,0-60min,22,24,59
77,SelfAdmin,2025-04-07_08h40m_Subject 77.txt,2025-04-07,0-60min,17,10,119
77,SelfAdmin,2025-03-18_09h19m_Subject 77.txt,2025-03-18,0-60min,42,5,35
77,SelfAdmin,2025-03-20_10h05m_Subject 77.txt,2025-03-20,0-60min,8,6,54
77,SelfAdmin,2025-03-12_09h12m_Subject 77.txt,2025-03-12,0-60min,20,12,75
77,SelfAdmin,2025-04-03_09h07m_Subject 77.txt,2025-04-03,0-60min,18,9,121
77,SelfAdmin,2025-04-09_09h06m_Subject 77.txt,2025-04-09,0-60min,9,4,26
77,SelfAdmin,2025-03-11_09h21m_Subject 77.txt,2025-03-11,0-60min,21,9,77
77,SelfAdmin,2025-03-10_09h38m_Subject 77.txt,2025-03-10,0-60min,7,3,152
77,SelfAdmin,2025-03-24_09h15m_Subject 77.txt,2025-03-24,0-60min,11,4,65
77,SelfAdmin,2025-04-02_09h48m_Subject 77.txt,2025-04-02,0-60min,15,5,37
77,SelfAdmin,2025-03-17_08h54m_Subject 77.txt,2025-03-17,0-60min,66,15,87
77,SelfAdmin,2025-04-14_09h09m_Subject 77.txt,2025-04-14,0-60min,14,4,29
77,SelfAdmin,2025-03-28_08h53m_Subject 77.txt,2025-03-28,0-60min,23,12,89
77,SelfAdmin,2025-03-31_09h37m_Subject 77.txt,2025-03-31,0-60min,10,7,97
77,SelfAdmin,2025-04-01_08h21m_Subject 77.txt,2025-04-01,0-60min,9,9,57
77,SelfAdmin,2025-04-08_09h19m_Subject 77.txt,2025-04-08,0-60min,23,5,47
77,SelfAdmin,2025-03-25_09h04m_Subject 77.txt,2025-03-25,0-60min,12,11,67
77,SelfAdmin,2025-04-10_09h50m_Subject 77.txt,2025-04-10,0-60min,16,2,26
77,SelfAdmin,2025-03-14_09h19m_Subject 77.txt,2025-03-14,0-60min,19,12,131
77,SelfAdmin,2025-04-11_09h50m_Subject 77.txt,2025-04-11,0-60min,16,4,28
77,SelfAdmin,2025-03-21_09h24m_Subject 77.txt,2025-03-21,0-60min,11,9,24
77,SelfAdmin,2025-04-04_08h37m_Subject 77.txt,2025-04-04,0-60min,17,5,54
77,SelfAdmin,2025-03-13_09h06m_Subject 77.txt,2025-03-13,0-60min,13,21,126
77,SelfAdmin,2025-03-27_08h41m_Subject 77.txt,2025-03-27,0-60min,15,9,51
